﻿<?xml version='1.0' encoding='UTF-8'?>
<!-- Generated by LavishSettings v2 -->
<InnerSpaceSettings>
	<Set Name="Profiles">
		<Setting Name="DefaultProfiles">Jiimbo_DOV</Setting>
		<Set Name="Jiimbo_DOV">
			<Set Name="Settings">
				<Setting Name="checkbox_settings_buffs">TRUE</Setting>
				<Setting Name="checkbox_settings_combatarts">TRUE</Setting>
				<Setting Name="checkbox_settings_namedcombatarts">TRUE</Setting>
				<Setting Name="checkbox_settings_rangedattack">TRUE</Setting>
				<Setting Name="checkbox_settings_autoattacktiming">TRUE</Setting>
				<Setting Name="checkbox_settings_meleeattack">FALSE</Setting>
				<Setting Name="checkbox_settings_ignoretargettoattackhealthcheck">TRUE</Setting>
				<Setting Name="checkbox_settings_loot">FALSE</Setting>
				<Setting Name="checkbox_settings_acceptloot">TRUE</Setting>
				<Setting Name="checkbox_settings_acceptres">TRUE</Setting>
				<Setting Name="checkbox_settings_prioritytab">TRUE</Setting>
				<Setting Name="checkbox_settings_acceptinvites">TRUE</Setting>
				<Setting Name="checkbox_settings_enablealiases">TRUE</Setting>
				<Setting Name="checkbox_settings_enableogremcp">FALSE</Setting>
				<Setting Name="checkbox_settings_enableonscreenassistant">FALSE</Setting>
				<Setting Name="checkbox_settings_enableannouncetab">TRUE</Setting>
				<Setting Name="checkbox_settings_raidoptions">TRUE</Setting>
				<Setting Name="checkbox_settings_grindoptions">TRUE</Setting>
				<Setting Name="checkbox_settings_encountersmartnukes">TRUE</Setting>
				<Setting Name="checkbox_settings_aesmartnukes">TRUE</Setting>
				<Setting Name="checkbox_settings_autotargetwhenhated">TRUE</Setting>
				<Setting Name="checkbox_settings_res">FALSE</Setting>
				<Setting Name="checkbox_settings_dopowerheals">FALSE</Setting>
				<Setting Name="checkbox_settings_assist">TRUE</Setting>
				<Setting Name="checkbox_settings_autofollow">TRUE</Setting>
				<Setting Name="checkbox_settings_chaintab">TRUE</Setting>
				<Setting Name="checkbox_settings_movetoarea">TRUE</Setting>
				<Setting Name="checkbox_settings_doho">TRUE</Setting>
				<Setting Name="checkbox_settings_facenpc">TRUE</Setting>
				<Setting Name="checkbox_settings_turnoffattack">TRUE</Setting>
				<Setting Name="checkbox_settings_movemelee">FALSE</Setting>
				<Setting Name="checkbox_settings_movebehind">FALSE</Setting>
				<Setting Name="checkbox_settings_cancelinvisaftercombat">TRUE</Setting>
				<Setting Name="checkbox_settings_ignoremovetoattackhealthcheck">TRUE</Setting>
				<Setting Name="checkbox_settings_enablepetsindropdowns">FALSE</Setting>
				<Setting Name="checkbox_settings_acceptraidreadychecks">TRUE</Setting>
				<Setting Name="checkbox_settings_acceptdungeonfinderisready">TRUE</Setting>
				<Setting Name="checkbox_settings_forcenamedcatab">TRUE</Setting>
				<Setting Name="checkbox_settings_no_overseer">TRUE</Setting>
				<Setting Name="checkbox_settings_summon_familiar">FALSE</Setting>
				<Setting Name="checkbox_settings_acceptnochoicerewards">TRUE</Setting>
				<Setting Name="checkbox_settings_autoshare_missions">TRUE</Setting>
				<Setting Name="checkbox_settings_enable_abilityrotate">TRUE</Setting>
				<Setting Name="checkbox_settings_enable_tag_embargo">TRUE</Setting>
				<Setting Name="checkbox_settings_enable_tag_allow">TRUE</Setting>
				<Setting Name="checkbox_settings_enable_itemrotate">TRUE</Setting>
				<Setting Name="checkbox_settings_accept_zonein_confirmation">TRUE</Setting>
				<Setting Name="checkbox_settings_enable_chatevents">TRUE</Setting>
				<Setting Name="checkbox_settings_enable_spawnevents">TRUE</Setting>
				<Setting Name="checkbox_settings_enable_despawnevents">TRUE</Setting>
				<Setting Name="checkbox_settings_consumeitems">TRUE</Setting>
				<Setting Name="checkbox_settings_disable_dbc_claim">TRUE</Setting>
			</Set>
			<Set Name="Setup">
				<Setting Name="textentry_setup_percenttoattack">99</Setting>
				<Setting Name="textentry_setup_moveintoattackrangehealthpercent">99</Setting>
				<Setting Name="textentry_setup_petpercenttoattack">97</Setting>
				<Setting Name="textentry_setup_powertousecas">1</Setting>
				<Setting Name="textentry_setup_healthtousecas">2</Setting>
				<Setting Name="textentry_setup_percenttousemanastone">10</Setting>
				<Setting Name="textentry_setup_percenttouseshards">10</Setting>
				<Setting Name="textentry_setup_reswaittimer">2</Setting>
				<Setting Name="checkbox_setup_broadcasttellstouplink">TRUE</Setting>
				<Setting Name="checkbox_setup_receivetellsfromuplink">FALSE</Setting>
				<Setting Name="combobox_setup_autofollowname">*Tank</Setting>
				<Setting Name="combobox_setup_shardcaster">Disabled</Setting>
				<Setting Name="combobox_setup_heartcaster">Disabled</Setting>
				<Setting Name="textentry_setup_spellrangeextender">0</Setting>
				<Setting Name="textentry_setup_moveintomeleerangemaxdistance">90</Setting>
				<Setting Name="textentry_setup_autofollowmaxdistance">50</Setting>
				<Setting Name="textentry_setup_pbaetargets">3</Setting>
				<Setting Name="textentry_setup_encountertargets">2</Setting>
				<Setting Name="textentry_setup_turbo">250</Setting>
			</Set>
			<Set Name="Aliases">
				<Set Name="1">
					<Setting Name="__SourceName">*Tank</Setting>
					<Setting Name="For">EditMe</Setting>
				</Set>
				<Set Name="2">
					<Setting Name="__SourceName">*Tank</Setting>
					<Setting Name="For">EditMe</Setting>
				</Set>
			</Set>
			<Set Name="SetupInvis">
				<Set Name="1">
					<Setting Name="__SourceName">Sneak Attack</Setting>
				</Set>
				<Set Name="2">
					<Setting Name="__SourceName">Stalk</Setting>
				</Set>
				<Set Name="3">
					<Setting Name="__SourceName">Smoke Bomb</Setting>
				</Set>
			</Set>
			<Set Name="CastStack">
				<Set Name="1">
					<Setting Name="__SourceName">Archer's Fury</Setting>
					<Setting Name="Type">Buff</Setting>
				</Set>
				<Set Name="2">
					<Setting Name="__SourceName">Cat-Like Reflexes</Setting>
					<Setting Name="Type">Buff</Setting>
				</Set>
				<Set Name="3">
					<Setting Name="__SourceName">Eagle's Talon</Setting>
					<Setting Name="Type">Buff</Setting>
				</Set>
				<Set Name="4">
					<Setting Name="__SourceName">Hunter's Instinct</Setting>
					<Setting Name="Type">Buff</Setting>
				</Set>
				<Set Name="5">
					<Setting Name="__SourceName">Makeshift Arrows</Setting>
					<Setting Name="Type">Buff</Setting>
				</Set>
				<Set Name="6">
					<Setting Name="__SourceName">Illusion: Jann Magi</Setting>
					<Setting Name="Type">Buff</Setting>
				</Set>
				<Set Name="7">
					<Setting Name="__SourceName">Pathfinding</Setting>
					<Setting Name="Type">Buff</Setting>
				</Set>
				<Set Name="8">
					<Setting Name="__SourceName">Primal Reflexes</Setting>
					<Setting Name="Type">Buff</Setting>
				</Set>
				<Set Name="9">
					<Setting Name="__SourceName">Focus Aim</Setting>
					<Setting Name="ID">TRUE</Setting>
					<Setting Name="Target">@Me</Setting>
					<Setting Name="Type">Combat</Setting>
				</Set>
				<Set Name="10">
					<Setting Name="__SourceName">Killing Instinct</Setting>
					<Setting Name="ID">TRUE</Setting>
					<Setting Name="Target">@Me</Setting>
					<Setting Name="Type">Combat</Setting>
				</Set>
				<Set Name="11">
					<Setting Name="__SourceName">Honed Reflexes</Setting>
					<Setting Name="ID">TRUE</Setting>
					<Setting Name="Named">TRUE</Setting>
					<Setting Name="Target">@Me</Setting>
					<Setting Name="Type">Combat</Setting>
				</Set>
				<Set Name="12">
					<Setting Name="__SourceName">Hawk Attack</Setting>
					<Setting Name="Aggro&gt;">70</Setting>
					<Setting Name="Target">@Me</Setting>
					<Setting Name="Type">Combat</Setting>
				</Set>
				<Set Name="13">
					<Setting Name="#">3</Setting>
					<Setting Name="__SourceName">Arrow Barrage</Setting>
					<Setting Name="ID">TRUE</Setting>
					<Setting Name="Type">CA</Setting>
				</Set>
				<Set Name="14">
					<Setting Name="#">3</Setting>
					<Setting Name="__SourceName">Explosive Arrow</Setting>
					<Setting Name="Type">CA</Setting>
				</Set>
				<Set Name="15">
					<Setting Name="#">3</Setting>
					<Setting Name="__SourceName">Storm of Arrows</Setting>
					<Setting Name="Type">CA</Setting>
				</Set>
				<Set Name="16">
					<Setting Name="#">3</Setting>
					<Setting Name="__SourceName">Stream of Arrows</Setting>
					<Setting Name="Type">CA</Setting>
				</Set>
				<Set Name="17">
					<Setting Name="#">1</Setting>
					<Setting Name="__SourceName">Thorny Trap</Setting>
					<Setting Name="Type">NamedCA</Setting>
				</Set>
				<Set Name="18">
					<Setting Name="#">3</Setting>
					<Setting Name="__SourceName">Thorny Trap</Setting>
					<Setting Name="Type">CA</Setting>
				</Set>
				<Set Name="19">
					<Setting Name="__SourceName">Searing Shot</Setting>
					<Setting Name="Type">NamedCA</Setting>
				</Set>
				<Set Name="20">
					<Setting Name="__SourceName">Predator's Final Trick</Setting>
					<Setting Name="ID">TRUE</Setting>
					<Setting Name="Type">NamedCA</Setting>
				</Set>
				<Set Name="21">
					<Setting Name="__SourceName">Coverage</Setting>
					<Setting Name="ID">TRUE</Setting>
					<Setting Name="Type">NamedCA</Setting>
				</Set>
				<Set Name="22">
					<Setting Name="__SourceName">Sniper Shot</Setting>
					<Setting Name="Type">NamedCA</Setting>
				</Set>
				<Set Name="23">
					<Setting Name="__SourceName">Stalk</Setting>
					<Setting Name="Type">NamedCA</Setting>
				</Set>
				<Set Name="24">
					<Setting Name="__SourceName">Ranger's Blade</Setting>
					<Setting Name="Type">NamedCA</Setting>
				</Set>
				<Set Name="25">
					<Setting Name="#">1</Setting>
					<Setting Name="__SourceName">Smoke Bomb</Setting>
					<Setting Name="ID">TRUE</Setting>
					<Setting Name="Type">CA</Setting>
				</Set>
				<Set Name="26">
					<Setting Name="__SourceName">Hidden Shot</Setting>
					<Setting Name="Type">NamedCA</Setting>
				</Set>
				<Set Name="27">
					<Setting Name="__SourceName">Emberstrike</Setting>
					<Setting Name="Type">NamedCA</Setting>
				</Set>
				<Set Name="28">
					<Setting Name="#">1</Setting>
					<Setting Name="__SourceName">Natural Selection</Setting>
					<Setting Name="Type">NamedCA</Setting>
				</Set>
				<Set Name="29">
					<Setting Name="__SourceName">Searing Shot</Setting>
					<Setting Name="Type">CA</Setting>
				</Set>
				<Set Name="30">
					<Setting Name="#">1</Setting>
					<Setting Name="__SourceName">Arrow Barrage</Setting>
					<Setting Name="ID">TRUE</Setting>
					<Setting Name="Type">CA</Setting>
				</Set>
				<Set Name="31">
					<Setting Name="#">1</Setting>
					<Setting Name="__SourceName">Explosive Arrow</Setting>
					<Setting Name="Type">CA</Setting>
				</Set>
				<Set Name="32">
					<Setting Name="#">1</Setting>
					<Setting Name="__SourceName">Stream of Arrows</Setting>
					<Setting Name="Type">CA</Setting>
				</Set>
				<Set Name="33">
					<Setting Name="#">1</Setting>
					<Setting Name="__SourceName">Storm of Arrows</Setting>
					<Setting Name="Type">CA</Setting>
				</Set>
				<Set Name="34">
					<Setting Name="__SourceName">Crippling Arrow</Setting>
					<Setting Name="Type">NamedDebuff</Setting>
				</Set>
				<Set Name="35">
					<Setting Name="__SourceName">Snipe</Setting>
					<Setting Name="Type">NamedDebuff</Setting>
				</Set>
				<Set Name="36">
					<Setting Name="__SourceName">Triple Shot</Setting>
					<Setting Name="Type">CA</Setting>
				</Set>
				<Set Name="37">
					<Setting Name="__SourceName">Rear Shot</Setting>
					<Setting Name="Type">CA</Setting>
				</Set>
				<Set Name="38">
					<Setting Name="__SourceName">Sneak Attack</Setting>
					<Setting Name="Type">CA</Setting>
				</Set>
				<Set Name="39">
					<Setting Name="__SourceName">Bloody Reminder</Setting>
					<Setting Name="Type">CA</Setting>
				</Set>
				<Set Name="40">
					<Setting Name="__SourceName">Miracle Shot</Setting>
					<Setting Name="Type">CA</Setting>
				</Set>
				<Set Name="41">
					<Setting Name="__SourceName">Trick Shot</Setting>
					<Setting Name="Type">CA</Setting>
				</Set>
				<Set Name="42">
					<Setting Name="__SourceName">Bladed Opening</Setting>
					<Setting Name="Type">CA</Setting>
				</Set>
				<Set Name="43">
					<Setting Name="__SourceName">Arrow Rip</Setting>
					<Setting Name="Type">CA</Setting>
				</Set>
			</Set>
			<Set Name="Assist">
				<Set Name="1">
					<Setting Name="__SourceName">*Tank</Setting>
				</Set>
			</Set>
			<Set Name="Precast">
				<Set Name="1">
					<Setting Name="__SourceName">Coverage</Setting>
					<Setting Name="On">Sniper Shot</Setting>
				</Set>
				<Set Name="2">
					<Setting Name="__SourceName">Arrow Barrage</Setting>
					<Setting Name="On">Explosive Arrow</Setting>
				</Set>
				<Set Name="3">
					<Setting Name="__SourceName">Stalk</Setting>
					<Setting Name="On">Ranger's Blade</Setting>
				</Set>
				<Set Name="4">
					<Setting Name="__SourceName">Predator's Final Trick</Setting>
					<Setting Name="On">Coverage</Setting>
				</Set>
				<Set Name="5">
					<Setting Name="__SourceName">Stalk</Setting>
					<Setting Name="On">Ranger's Blade</Setting>
				</Set>
				<Set Name="6">
					<Setting Name="__SourceName">Smoke Bomb</Setting>
					<Setting Name="On">Hidden Shot</Setting>
				</Set>
				<Set Name="7">
					<Setting Name="__SourceName">Hidden Shot</Setting>
					<Setting Name="On">Emberstrike</Setting>
				</Set>
				<Set Name="8">
					<Setting Name="__SourceName">Stealth</Setting>
					<Setting Name="On">Emberstrike</Setting>
				</Set>
			</Set>
			<Set Name="Postcast">
				<Set Name="1">
					<Setting Name="__SourceName">Explosive Arrow</Setting>
					<Setting Name="After">Arrow Barrage</Setting>
				</Set>
				<Set Name="2">
					<Setting Name="__SourceName">Sniper Shot</Setting>
					<Setting Name="After">Coverage</Setting>
				</Set>
				<Set Name="3">
					<Setting Name="__SourceName">Explosive Arrow</Setting>
					<Setting Name="After">Arrow Barrage</Setting>
				</Set>
				<Set Name="4">
					<Setting Name="__SourceName">Ranger's Blade</Setting>
					<Setting Name="After">Stalk</Setting>
				</Set>
				<Set Name="5">
					<Setting Name="__SourceName">Natural Selection</Setting>
					<Setting Name="After">Emberstrike</Setting>
				</Set>
			</Set>
			<Set Name="Loot">
				<Setting Name="checkbox_loot_ffaaccept">TRUE</Setting>
				<Setting Name="checkbox_loot_confirmnotrade">TRUE</Setting>
				<Setting Name="checkbox_loot_lottoaccept">TRUE</Setting>
				<Setting Name="checkbox_loot_nbgaccept">TRUE</Setting>
			</Set>
			<Set Name="OSA">
				<Setting Name="slider_osa_radius">53</Setting>
				<Setting Name="textentry_osa_radius">53</Setting>
				<Setting Name="checkbox_osa_targetsonly">TRUE</Setting>
			</Set>
			<Set Name="Announce">
				<Set Name="1">
					<Setting Name="__SourceName">Focus Aim</Setting>
					<Setting Name="Target">Group</Setting>
					<Setting Name="Txt">FOCUS AIM</Setting>
				</Set>
				<Set Name="2">
					<Setting Name="__SourceName">Predator's Final Trick</Setting>
					<Setting Name="Target">Group</Setting>
					<Setting Name="Txt">PFT</Setting>
				</Set>
			</Set>
			<Set Name="Other">
				<Setting Name="combobox_other_curabledisable">NULL</Setting>
				<Setting Name="checkbox_other_curabledisable">FALSE</Setting>
				<Setting Name="checkbox_other_requestconfrontfearviaraid">TRUE</Setting>
				<Setting Name="checkbox_other_requestconfrontfearviagroup">TRUE</Setting>
				<Setting Name="textentry_other_requestconfrontfearviagroup">Need a confront fear</Setting>
				<Setting Name="textentry_other_requestconfrontfearviaraid">Need a confront fear</Setting>
				<Setting Name="checkbox_other_requestconfrontfearviauplink">TRUE</Setting>
			</Set>
			<Set Name="Troubador">
				<Setting Name="textentry_troubador_potmrotationtext" />
				<Setting Name="checkbox_troubador_jesterscap">FALSE</Setting>
				<Setting Name="checkbox_troubador_victoriousconcerto">FALSE</Setting>
			</Set>
			<Set Name="Assassin">
				<Setting Name="checkbox_assassin_exploitweakness">TRUE</Setting>
			</Set>
			<Set Name="Ranger">
				<Setting Name="checkbox_ranger_exploitweakness">TRUE</Setting>
				<Setting Name="checkbox_ranger_focusaim">FALSE</Setting>
			</Set>
			<Set Name="Debug">
				<Setting Name="checkbox_debug_casting">TRUE</Setting>
			</Set>
			<Set Name="AutoTarget">
				<Setting Name="slider_autotarget_scanheight">5</Setting>
				<Setting Name="slider_autotarget_scanradius">1</Setting>
				<Setting Name="slider_autotarget_rescantime">1</Setting>
			</Set>
			<Set Name="Load">
				<Setting Name="checkbox_load_radaroff">TRUE</Setting>
				<Setting Name="checkbox_load_ogreirc">FALSE</Setting>
			</Set>
			<Set Name="LoadExecute">
				<Set Name="1">
					<Setting Name="__SourceName">eq2execute ics_playercombatautoface 0</Setting>
				</Set>
				<Set Name="2">
					<Setting Name="__SourceName">run pftranger</Setting>
				</Set>
			</Set>
			<Set Name="ChatEvents">
				<Set Name="1">
					<Setting Name="__SourceName">PFT</Setting>
					<Setting Name="Code">OgreBotAPI:CastAbilityOnPlayer_Relay[All,Divine Recovery, Vayah]</Setting>
				</Set>
			</Set>
			<Set Name="Items">
				<Set Name="1">
					<Setting Name="__SourceName">Aerakyn Novelty Card</Setting>
				</Set>
				<Set Name="2">
					<Setting Name="__SourceName">Shard of Cornering</Setting>
				</Set>
			</Set>
		</Set>
	</Set>
</InnerSpaceSettings>
